file_name	data_id	state	full_md_path	content_list_path	error_message
Axtell_2013_Annual Review of Plant Biology.pdf	Axtell_2013_Annual_Review_of_Plant_Biology	done	mineru-parsed\Axtell_2013_Annual Review of Plant Biology\full.md	mineru-parsed\Axtell_2013_Annual Review of Plant Biology\content_list.json	
Borges_2015_Nature Reviews Molecular Cell Biology.pdf	Borges_2015_Nature_Reviews_Molecular_Cell_Biology	done	mineru-parsed\Borges_2015_Nature Reviews Molecular Cell Biology\full.md	mineru-parsed\Borges_2015_Nature Reviews Molecular Cell Biology\content_list.json	
Hamid_2023_BMC Plant Biology.pdf	Hamid_2023_BMC_Plant_Biology	done	mineru-parsed\Hamid_2023_BMC Plant Biology\full.md	mineru-parsed\Hamid_2023_BMC Plant Biology\content_list.json	
Liang_2023_Science.pdf	Liang_2023_Science	done	mineru-parsed\Liang_2023_Science\full.md	mineru-parsed\Liang_2023_Science\content_list.json	
Matzke_2014_Nature Reviews Genetics.pdf	Matzke_2014_Nature_Reviews_Genetics	done	mineru-parsed\Matzke_2014_Nature Reviews Genetics\full.md	mineru-parsed\Matzke_2014_Nature Reviews Genetics\content_list.json	
Song_2015_PLOS Genetics.pdf	Song_2015_PLOS_Genetics	done	mineru-parsed\Song_2015_PLOS Genetics\full.md	mineru-parsed\Song_2015_PLOS Genetics\content_list.json	
Sun_2023_Nature Biotechnology.pdf	Sun_2023_Nature_Biotechnology	done	mineru-parsed\Sun_2023_Nature Biotechnology\full.md	mineru-parsed\Sun_2023_Nature Biotechnology\content_list.json	
Sun_2023_Nature Biotechnology_2.pdf	Sun_2023_Nature_Biotechnology_2	done	mineru-parsed\Sun_2023_Nature Biotechnology_2\full.md	mineru-parsed\Sun_2023_Nature Biotechnology_2\content_list.json	
Wang_2015_eLife.pdf	Wang_2015_eLife	done	mineru-parsed\Wang_2015_eLife\full.md	mineru-parsed\Wang_2015_eLife\content_list.json	
Wang_2016_Scientific Reports.pdf	Wang_2016_Scientific_Reports	done	mineru-parsed\Wang_2016_Scientific Reports\full.md	mineru-parsed\Wang_2016_Scientific Reports\content_list.json	
Zhan_2023_Annual Review of Plant Biology.pdf	Zhan_2023_Annual_Review_of_Plant_Biology	done	mineru-parsed\Zhan_2023_Annual Review of Plant Biology\full.md	mineru-parsed\Zhan_2023_Annual Review of Plant Biology\content_list.json	
杨怀昊_2025_遗传.pdf	杨怀昊_2025_遗传	done	mineru-parsed\杨怀昊_2025_遗传\full.md	mineru-parsed\杨怀昊_2025_遗传\content_list.json	
